{
  "manifest": {
    "apis": {
      "custom": {
        "endpoint": {
          "uri": "arn:aws:lambda:us-east-1:647741240677:function:1d0dc75b-1aa2-4c95-8e4a-9ec9c1f9a1e9:Release_0"
        },
        "interfaces": [],
        "regions": {
          "NA": {
            "endpoint": {
              "uri": "arn:aws:lambda:us-east-1:647741240677:function:1d0dc75b-1aa2-4c95-8e4a-9ec9c1f9a1e9:Release_0"
            }
          },
          "EU": {
            "endpoint": {
              "uri": "arn:aws:lambda:eu-west-1:647741240677:function:1d0dc75b-1aa2-4c95-8e4a-9ec9c1f9a1e9:Release_0"
            }
          },
          "FE": {
            "endpoint": {
              "uri": "arn:aws:lambda:us-west-2:647741240677:function:1d0dc75b-1aa2-4c95-8e4a-9ec9c1f9a1e9:Release_0"
            }
          }
        }
      }
    },
    "manifestVersion": "1.0",
    "publishingInformation": {
      "distributionCountries": [],
      "isAvailableWorldwide": true,
      "locales": {
        "es-ES": {
          "description": "Sample Full Description",
          "examplePhrases": [
            "Alexa abre hola mundo",
            "hola",
            "ayuda"
          ],
          "keywords": [],
          "name": "en-que-año-paso-definitivo",
          "summary": "Sample Short Description"
        }
      },
      "testingInstructions": "Sample Testing Instructions."
    }
  }
}